Date,City,Plan,Channel,Tenure_Months,Monthly_Fee_EGP,Churned,Revenue_EGP
2026-01-03,Cairo,Basic,Mobile,12,450,0,5400
2026-01-05,Giza,Standard,Web,8,700,0,5600
2026-01-07,Qalyubia,Basic,Mobile,4,300,1,1200
2026-01-10,Cairo,Premium,Web,24,1200,0,28800
2026-01-12,Giza,Standard,Mobile,15,650,0,9750
2026-01-15,Qalyubia,Basic,Web,3,280,1,840
2026-01-18,Cairo,Standard,Web,10,720,0,7200
2026-01-20,Giza,Basic,Mobile,2,320,1,640
2026-01-23,Qalyubia,Premium,Web,30,1100,0,33000
2026-01-26,Cairo,Basic,Mobile,7,430,0,3010
2026-02-02,Giza,Standard,Web,14,690,0,9660
2026-02-05,Cairo,Premium,Mobile,20,1250,0,25000
2026-02-08,Qalyubia,Basic,Mobile,5,310,1,1550
2026-02-11,Giza,Premium,Web,27,1180,0,31860
2026-02-14,Cairo,Standard,Mobile,9,680,0,6120
2026-02-17,Qalyubia,Standard,Web,6,640,1,3840
2026-02-20,Giza,Basic,Mobile,1,290,1,290
2026-02-23,Cairo,Premium,Web,22,1210,0,26620
2026-02-26,Qalyubia,Basic,Web,8,350,0,2800
2026-03-03,Giza,Standard,Mobile,11,670,0,7370
2026-03-06,Cairo,Basic,Web,4,330,1,1320
2026-03-09,Qalyubia,Premium,Mobile,25,1150,0,28750
2026-03-12,Giza,Basic,Web,6,360,0,2160
2026-03-15,Cairo,Standard,Mobile,13,710,0,9230
2026-03-18,Qalyubia,Basic,Mobile,2,300,1,600
2026-03-21,Giza,Premium,Web,29,1190,0,34510
2026-03-24,Cairo,Basic,Web,5,340,0,1700
2026-03-27,Qalyubia,Standard,Mobile,7,620,1,4340
2026-03-29,Giza,Basic,Mobile,3,310,1,930
2026-03-31,Cairo,Premium,Web,18,1230,0,22140